City_ID,City,Country,Lat,Lng,Max Temp,Humidity,Cloudiness,Wind Speed,Current Description
0,Lavrentiya,RU,65.5833,-171.0,-16.26,80,0,5.7,clear sky
1,Qaanaaq,GL,77.484,-69.3632,6.49,78,1,5.97,clear sky
2,Saskylakh,RU,71.9167,114.0833,-15.93,84,95,20.56,overcast clouds
3,San Quintin,MX,30.4833,-115.95,59.54,60,21,15.97,few clouds
4,Vardo,NO,70.3705,31.1107,14.0,67,20,27.63,snow
5,Saint-Philippe,RE,-21.3585,55.7679,77.0,69,0,5.75,light rain
6,Rikitea,PF,-23.1203,-134.9692,78.82,75,10,17.43,clear sky
7,Mar Del Plata,AR,-38.0023,-57.5575,73.4,68,0,9.22,clear sky
8,Kapaa,US,22.0752,-159.319,75.2,83,40,5.75,light rain
9,Mataura,NZ,-46.1927,168.8643,55.99,71,11,1.01,few clouds
10,Asau,RO,46.4333,26.4,28.99,68,100,3.18,light snow
11,Dikson,RU,73.5069,80.5464,-8.23,90,100,23.64,overcast clouds
12,Bambous Virieux,MU,-20.3428,57.7575,78.8,83,75,10.36,broken clouds
13,Sinnamary,GF,5.3833,-52.95,77.81,85,92,13.27,overcast clouds
14,Ribeira Grande,PT,38.5167,-28.7,58.6,88,100,12.03,overcast clouds
15,Mancora,PE,-4.1078,-81.0475,84.2,65,40,10.36,light rain
16,Cidreira,BR,-30.1811,-50.2056,69.69,78,14,4.5,few clouds
17,Ushuaia,AR,-54.8,-68.3,46.4,57,75,11.5,broken clouds
18,Abaza,RU,52.655,90.0928,22.35,88,68,6.46,broken clouds
19,Nyagan,RU,62.1406,65.3936,-21.89,87,96,2.8,overcast clouds
20,Kryve Ozero,UA,47.9524,30.3493,26.94,85,100,8.25,overcast clouds
21,Cape Town,ZA,-33.9258,18.4232,66.0,94,75,2.3,light rain
22,Korla,CN,41.7597,86.1469,45.41,54,100,2.59,overcast clouds
23,Blackwater,AU,-23.5833,148.8833,79.11,66,100,7.81,overcast clouds
24,Ahipara,NZ,-35.1667,173.1667,69.46,76,12,9.6,few clouds
25,Padang,ID,-0.9492,100.3543,73.4,94,40,2.3,scattered clouds
26,Atuona,PF,-9.8,-139.0333,79.93,75,26,15.5,scattered clouds
27,Bam,IR,29.106,58.357,61.65,29,0,15.19,clear sky
28,New Norfolk,AU,-42.7826,147.0587,64.0,61,2,1.01,clear sky
29,Albany,US,42.6001,-73.9662,57.2,35,40,18.41,scattered clouds
30,Illela,NG,13.7292,5.2975,79.68,16,88,1.43,overcast clouds
31,Shirgaon,IN,19.7,72.7,75.04,64,0,4.45,clear sky
32,Ennis,IE,52.8436,-8.9864,48.2,87,75,34.52,broken clouds
33,Upernavik,GL,72.7868,-56.1549,6.55,81,31,2.44,scattered clouds
34,Alta Floresta,BR,-9.8756,-56.0861,70.32,96,97,2.1,light rain
35,Machali,CL,-34.1833,-70.6667,73.4,40,0,10.36,clear sky
36,Bathsheba,BB,13.2167,-59.5167,78.8,65,20,18.41,few clouds
37,Xuddur,SO,4.1213,43.8894,70.81,73,5,15.26,clear sky
38,Mount Gambier,AU,-37.8333,140.7667,53.6,100,61,5.75,broken clouds
39,Khatanga,RU,71.9667,102.5,-16.19,87,100,23.85,light snow
40,Vagur,FO,61.4732,-6.8119,38.62,96,100,16.37,overcast clouds
41,Jamestown,US,42.097,-79.2353,62.6,25,1,12.06,clear sky
42,Mahebourg,MU,-20.4081,57.7,78.8,83,75,10.36,broken clouds
43,Pahrump,US,36.2083,-115.9839,52.0,46,97,5.01,overcast clouds
44,Leningradskiy,RU,69.3833,178.4167,-14.82,77,0,5.64,clear sky
45,Kodiak,US,57.79,-152.4072,35.6,55,40,19.57,scattered clouds
46,Muravlenko,RU,63.7898,74.523,-31.65,85,0,6.02,clear sky
47,East London,ZA,-33.0153,27.9116,74.71,71,9,9.86,clear sky
48,Sao Joao Da Barra,BR,-21.6403,-41.0511,76.33,90,98,3.62,overcast clouds
49,Plettenberg Bay,ZA,-34.0527,23.3716,65.25,91,98,7.18,light rain
50,Shizunai,JP,42.3339,142.3669,31.89,89,0,5.19,clear sky
51,Kirakira,SB,-10.4544,161.9205,83.12,76,100,6.64,overcast clouds
52,Georgetown,MY,5.4112,100.3354,80.6,78,20,3.44,few clouds
53,Hobart,AU,-42.8794,147.3294,64.0,67,4,8.05,clear sky
54,Margate,GB,51.3813,1.3862,51.01,86,100,7.0,overcast clouds
55,Adrar,MR,20.5022,-10.0711,64.13,29,0,8.23,clear sky
56,Yellowknife,CA,62.456,-114.3525,1.4,51,20,5.75,few clouds
57,Saint George,US,37.1041,-113.5841,51.01,43,90,10.36,overcast clouds
58,Coquimbo,CL,-29.9533,-71.3436,68.0,73,20,11.5,few clouds
59,Victoria,HK,22.2855,114.1577,68.0,83,97,18.61,overcast clouds
60,Wanaka,NZ,-44.7,169.15,57.0,74,62,2.48,broken clouds
61,Matara,LK,5.9485,80.5353,76.32,79,100,13.29,overcast clouds
62,Susice,CZ,49.2311,13.5202,25.0,95,85,5.23,overcast clouds
63,Trairi,BR,-3.2778,-39.2689,79.02,81,99,9.01,overcast clouds
64,Hithadhoo,MV,-0.6,73.0833,78.35,83,100,2.8,overcast clouds
65,Carrickmacross,IE,53.9728,-6.7189,48.0,82,71,11.01,heavy intensity rain
66,Carnarvon,AU,-24.8667,113.6333,73.4,94,75,6.91,broken clouds
67,Chandauli,IN,25.2667,83.2667,67.86,28,0,1.7,clear sky
68,Aripuana,BR,-9.1667,-60.6333,71.4,98,100,1.92,light rain
69,Bredasdorp,ZA,-34.5322,20.0403,64.0,95,100,1.01,light rain
70,Darab,IR,28.7519,54.5444,55.72,38,0,0.96,clear sky
71,Punta Arenas,CL,-53.15,-70.9167,48.2,53,40,24.16,scattered clouds
72,Sorland,NO,67.667,12.6934,28.62,93,5,21.05,clear sky
73,Fortuna,US,40.5982,-124.1573,52.0,71,20,10.36,few clouds
74,Oranjestad,AW,12.524,-70.027,80.6,69,20,19.57,few clouds
75,Pevek,RU,69.7008,170.3133,-18.85,80,0,17.81,clear sky
76,Comodoro Rivadavia,AR,-45.8667,-67.5,62.6,25,50,33.38,dust
77,Middletown,US,39.5151,-84.3983,69.8,37,1,19.57,clear sky
78,Labuhan,ID,-6.8844,112.2051,77.32,86,79,6.08,broken clouds
79,Busselton,AU,-33.65,115.3333,71.01,93,100,1.99,light rain
80,Teahupoo,PF,-17.8333,-149.2667,87.8,66,40,5.75,scattered clouds
81,Tiznit,MA,29.5833,-9.5,60.01,48,0,5.46,clear sky
82,Mbini,GQ,1.574,9.6134,79.72,85,73,4.47,broken clouds
83,Narsaq,GL,60.9167,-46.05,24.8,80,90,2.3,light snow
84,Billings,US,45.7833,-108.5007,48.0,25,40,6.91,scattered clouds
85,Freetown,SL,8.484,-13.2299,78.82,84,48,7.67,scattered clouds
86,Port Alfred,ZA,-33.5906,26.891,68.0,92,83,4.0,broken clouds
87,Saldanha,ZA,-33.0117,17.9442,65.26,95,88,3.78,light rain
88,Tara,RU,56.8944,74.371,15.13,97,100,3.83,light snow
89,Traverse City,US,44.7631,-85.6206,60.8,51,90,10.36,overcast clouds
90,Bluff,NZ,-46.6,168.3333,55.99,71,12,1.01,few clouds
91,Grand Gaube,MU,-20.0064,57.6608,77.0,80,6,3.0,clear sky
92,Matay,EG,28.419,30.7792,67.53,24,0,12.15,clear sky
93,Hambantota,LK,6.1241,81.1185,75.97,85,100,5.84,overcast clouds
94,Sulangan,PH,11.1373,123.7228,80.6,79,100,23.69,overcast clouds
95,Miri,MY,4.4148,114.0089,77.0,100,40,3.44,scattered clouds
96,Chuy,UY,-33.6971,-53.4616,66.99,82,17,6.22,few clouds
97,Shikhazany,RU,55.5605,47.393,-0.4,60,0,6.71,clear sky
98,Camacha,PT,33.0833,-16.3333,60.8,67,75,10.36,broken clouds
99,Shimoda,JP,34.6667,138.95,43.0,60,62,1.01,broken clouds
100,Barinas,VE,8.6226,-70.2075,89.6,35,100,2.3,overcast clouds
101,Hofn,IS,64.2539,-15.2082,40.75,67,78,5.59,broken clouds
102,Airai,TL,-8.9266,125.4092,63.48,100,100,0.98,overcast clouds
103,Weston,US,26.1004,-80.3998,73.0,68,90,16.11,overcast clouds
104,Port Hardy,CA,50.6996,-127.4199,46.4,61,20,11.5,few clouds
105,Avarua,CK,-21.2078,-159.775,82.4,78,20,3.44,moderate rain
106,Sakakah,SA,29.9697,40.2064,69.8,21,0,18.41,clear sky
107,Namibe,AO,-15.1961,12.1522,75.49,71,69,5.53,broken clouds
108,Ponta Delgada,PT,37.7333,-25.6667,60.8,94,40,14.97,scattered clouds
109,Candelaria,PH,13.9311,121.4233,74.39,82,38,6.73,scattered clouds
110,Puerto Ayora,EC,-0.7393,-90.3518,81.0,89,75,9.22,light rain
111,Nassau,US,40.7507,-73.5829,46.0,76,2,5.01,clear sky
112,Gusau,NG,12.1628,6.6614,78.53,16,68,5.61,broken clouds
113,Muros,ES,42.7762,-9.0603,55.99,90,100,11.99,overcast clouds
114,Qaqortoq,GL,60.7167,-46.0333,24.8,80,90,2.3,light snow
115,Severo-Kurilsk,RU,50.6789,156.125,31.57,98,100,30.27,snow
116,Pafos,CY,34.7667,32.4167,51.8,87,0,2.3,clear sky
117,Barrow,US,71.2906,-156.7887,-5.8,71,40,17.27,snow
118,Hermanus,ZA,-34.4187,19.2345,64.0,95,99,1.01,light rain
119,Provideniya,RU,64.3833,-173.3,-9.4,70,0,4.47,clear sky
120,Akalgarh,IN,29.8167,75.8833,63.32,35,0,3.98,clear sky
121,Vaini,TO,-21.2,-175.2,82.4,65,20,4.61,few clouds
122,Henties Bay,NA,-22.116,14.2845,63.0,90,0,1.01,clear sky
123,Lompoc,US,34.6391,-120.4579,55.4,58,90,9.22,overcast clouds
124,Butaritari,KI,3.0707,172.7902,81.43,77,90,11.32,light rain
125,Sola,VU,-13.8833,167.55,80.6,89,90,2.3,overcast clouds
126,Longyearbyen,SJ,78.2186,15.6401,23.0,86,75,8.05,broken clouds
127,Ranong,TH,9.9658,98.6348,74.77,88,10,3.96,clear sky
128,Metro,ID,-5.1131,105.3067,72.25,96,42,4.56,moderate rain
129,Dir,PK,35.2058,71.8756,44.42,72,100,4.56,overcast clouds
130,Port Elizabeth,ZA,-33.918,25.5701,68.0,88,75,12.66,light rain
131,Grindavik,IS,63.8424,-22.4338,26.6,80,75,33.38,broken clouds
132,Chara,RU,56.9064,118.2631,1.89,82,46,1.19,scattered clouds
133,Eyl,SO,7.9803,49.8164,75.78,83,28,13.6,scattered clouds
134,Koslan,RU,63.4564,48.8989,7.72,95,100,4.85,overcast clouds
135,Hayden,US,47.766,-116.7866,46.99,42,75,5.75,broken clouds
136,Porto Novo,BJ,6.4965,2.6036,84.2,84,40,14.97,scattered clouds
137,Itaueira,BR,-7.6033,-43.0256,74.8,88,54,2.15,broken clouds
138,Gweta,BW,-20.1833,25.2333,78.15,41,12,4.32,few clouds
139,Olafsvik,IS,64.8945,-23.7142,27.55,90,100,23.04,light snow
140,Toora-Khem,RU,52.4675,96.11,11.62,94,79,2.82,broken clouds
141,Kaitangata,NZ,-46.2817,169.8464,55.13,58,1,3.98,clear sky
142,Dzialdowo,PL,53.2396,20.17,19.4,79,0,8.52,clear sky
143,Mandera,KE,3.9366,41.867,77.94,65,0,10.49,clear sky
144,Iqaluit,CA,63.7506,-68.5145,-11.2,64,20,8.05,few clouds
145,Tuktoyaktuk,CA,69.4541,-133.0374,8.6,85,90,5.75,mist
146,Thompson,CA,55.7435,-97.8558,26.6,86,90,5.75,snow
147,Saint Anthony,US,45.0205,-93.218,42.8,93,90,10.36,light rain
148,Katsuura,JP,35.1333,140.3,46.99,49,20,6.91,few clouds
149,Manta,EC,-0.95,-80.7333,80.6,83,75,4.61,light rain
150,Bolobo,CD,-2.1667,16.2333,76.69,74,92,1.41,overcast clouds
151,Souillac,MU,-20.5167,57.5167,78.8,83,75,10.36,broken clouds
152,Meulaboh,ID,4.1363,96.1285,75.11,86,8,5.97,clear sky
153,Flinders,AU,-34.5833,150.8552,75.99,83,79,4.0,broken clouds
154,Iguaba Grande,BR,-22.8392,-42.2289,77.0,88,40,8.05,heavy intensity rain
155,Adeje,ES,28.1227,-16.726,62.6,59,40,8.05,scattered clouds
156,Rocha,UY,-34.4833,-54.3333,62.42,89,0,6.2,clear sky
157,Vanavara,RU,60.34,102.2797,8.28,96,100,4.16,overcast clouds
158,Povenets,RU,62.8487,34.8262,-0.45,91,0,3.4,clear sky
159,Kilindoni,TZ,-7.9139,39.6668,80.33,81,68,11.34,broken clouds
160,Port Hedland,AU,-20.3167,118.5667,84.2,89,75,11.5,broken clouds
161,Yerbogachen,RU,61.2767,108.0108,-1.95,93,66,4.81,broken clouds
162,Port Lincoln,AU,-34.7333,135.8667,66.15,79,7,9.75,clear sky
163,Almasu,RO,46.95,23.1333,27.0,74,0,1.95,clear sky
164,Nikolskoye,RU,59.7035,30.7861,8.01,71,0,8.95,clear sky
165,Tiksi,RU,71.6872,128.8694,-22.94,83,82,26.24,broken clouds
166,Sembakung,ID,3.8167,117.25,73.49,93,100,1.9,moderate rain
167,San Patricio,US,28.017,-97.5169,80.6,54,75,34.52,broken clouds
168,Hasaki,JP,35.7333,140.8333,41.0,65,20,4.61,few clouds
169,Dong Xoai,VN,11.5333,106.9167,72.81,75,29,3.89,scattered clouds
170,Kathmandu,NP,27.7167,85.3167,51.8,87,20,3.44,few clouds
171,York,US,40.1254,-77.0,66.2,24,1,11.5,clear sky
172,Coahuayana,MX,18.7333,-103.6833,80.6,50,40,11.5,scattered clouds
173,Najran,SA,17.4924,44.1277,68.0,19,0,1.95,clear sky
174,Vila Franca Do Campo,PT,37.7167,-25.4333,60.8,94,40,14.97,scattered clouds
175,Deputatskiy,RU,69.3,139.9,-3.41,91,100,6.29,overcast clouds
176,Dayong,CN,25.0209,118.2898,62.6,72,40,2.24,scattered clouds
177,Malaya Vishera,RU,58.8454,32.2222,2.53,90,0,4.29,clear sky
178,Coutances,FR,49.05,-1.4333,51.01,100,90,18.41,overcast clouds
179,Vinnytsya,UA,49.2328,28.481,21.54,95,92,5.23,overcast clouds
180,Atambua,ID,-9.1061,124.8925,74.39,87,100,1.03,overcast clouds
181,Fairbanks,US,64.8378,-147.7164,26.6,93,90,4.81,light snow
182,Fukue,JP,32.6881,128.8419,58.33,75,96,6.06,overcast clouds
183,Nemuro,JP,43.3236,145.575,28.85,90,9,13.29,clear sky
184,Faanui,PF,-16.4833,-151.75,81.88,72,98,10.76,overcast clouds
185,Komsomolskiy,UZ,40.4272,71.7189,44.6,87,90,2.3,light rain
186,Chachoengsao,TH,13.6167,101.4167,82.99,80,7,2.3,clear sky
187,Luderitz,NA,-26.6481,15.1594,68.0,77,0,11.81,clear sky
188,Tuatapere,NZ,-46.1333,167.6833,55.99,71,54,1.01,broken clouds
189,Cayenne,GF,4.9333,-52.3333,81.0,89,75,8.05,broken clouds
190,Mehamn,NO,71.0357,27.8492,14.0,67,0,33.38,clear sky
191,Saskatoon,CA,52.1168,-106.6345,23.0,86,90,20.71,light snow
192,Ladario,BR,-19.0047,-57.6017,91.4,52,0,3.04,clear sky
193,Tieli,CN,46.95,128.05,19.72,94,0,3.38,clear sky
194,Tabou,CI,4.423,-7.3528,78.91,89,100,5.23,overcast clouds
195,Husavik,IS,66.0449,-17.3389,32.0,86,90,23.02,light snow
196,Santa Maria,BR,-29.6842,-53.8069,73.4,68,20,2.3,few clouds
197,Sioux Lookout,CA,50.1001,-91.917,28.4,54,90,6.91,overcast clouds
198,Codrington,AU,-38.2667,141.9667,60.89,70,100,4.92,overcast clouds
199,Castro,BR,-24.7911,-50.0119,62.01,86,20,3.51,few clouds
200,Bukachacha,RU,52.9833,116.9167,5.83,90,12,1.48,few clouds
201,Cabo San Lucas,MX,22.8909,-109.9124,79.0,47,40,8.05,scattered clouds
202,Tibati,CM,6.4667,12.6333,72.41,47,100,3.44,overcast clouds
203,Los Llanos De Aridane,ES,28.6585,-17.9182,64.4,63,75,16.11,broken clouds
204,Zhezkazgan,KZ,47.8043,67.7144,16.47,95,70,8.97,broken clouds
205,Pine Bluff,US,34.2284,-92.0032,75.2,50,20,21.85,few clouds
206,Cockburn Town,TC,21.4612,-71.1419,73.11,85,100,22.75,overcast clouds
207,Lasa,IT,46.6166,10.7002,37.99,63,0,4.61,clear sky
208,Yulara,AU,-25.2406,130.9889,73.4,83,85,5.86,overcast clouds
209,Esperance,AU,-33.8667,121.9,66.2,82,100,10.36,overcast clouds
210,Rovaniemi,FI,66.5,25.7167,5.0,56,0,14.97,clear sky
211,Abu Dhabi,AE,24.4667,54.3667,73.4,78,0,3.44,clear sky
212,Islamkot,PK,24.6997,70.177,66.63,60,0,8.21,clear sky
213,Rawson,AR,-43.3002,-65.1023,67.12,33,99,36.37,overcast clouds
214,Piacabucu,BR,-10.4056,-36.4344,79.3,80,46,13.56,scattered clouds
215,Bethel,US,41.3712,-73.414,51.8,43,1,6.91,clear sky
216,Abong Mbang,CM,3.9833,13.1833,67.21,93,100,2.35,overcast clouds
217,Marawi,PH,7.9986,124.2928,73.99,96,100,3.0,moderate rain
218,Huicheng,CN,23.0385,116.2899,62.6,77,75,13.11,light rain
219,Norman Wells,CA,65.282,-126.8329,1.4,71,75,8.05,light snow
220,Kismayo,SO,-0.3582,42.5454,77.36,87,61,13.58,broken clouds
221,Emerald,AU,-23.5333,148.1667,73.99,100,40,4.61,scattered clouds
222,Ishigaki,JP,24.3448,124.1572,69.8,78,40,11.5,scattered clouds
223,Bubaque,GW,11.2833,-15.8333,78.28,68,4,12.01,clear sky
224,Houma,US,29.5958,-90.7195,75.2,57,75,13.8,broken clouds
225,Sunland Park,US,31.7965,-106.58,77.0,5,1,25.32,clear sky
226,Kahului,US,20.8947,-156.47,78.8,73,40,14.97,light rain
227,Sandane,NO,61.7728,6.215,41.0,64,75,16.11,light snow
228,At-Bashi,KG,41.1702,75.8106,20.77,84,42,3.87,scattered clouds
229,Roald,NO,62.5833,6.1333,41.0,52,90,20.71,overcast clouds
230,Rognan,NO,67.0953,15.3878,24.8,63,0,12.66,clear sky
231,Dali,CN,25.7,100.1833,44.35,75,0,3.94,clear sky
232,Ilulissat,GL,69.2167,-51.1,17.6,67,90,2.3,overcast clouds
233,Darnah,LY,32.767,22.6367,58.12,82,76,13.2,broken clouds
234,Lebu,CL,-37.6167,-73.65,60.89,80,87,7.78,overcast clouds
235,Paamiut,GL,61.994,-49.6678,22.08,96,94,4.68,overcast clouds
236,Senanga,ZM,-16.1167,23.2667,67.59,61,0,2.37,clear sky
237,Clyde River,CA,70.4692,-68.5914,-9.4,70,20,6.91,few clouds
238,Garwolin,PL,51.8975,21.6147,28.0,97,0,5.32,clear sky
239,Hilo,US,19.7297,-155.09,77.0,83,75,5.75,light rain
240,Vitim,RU,59.4511,112.5578,11.25,94,100,3.6,overcast clouds
241,Ous,RU,60.9058,61.5186,-20.13,87,0,5.28,clear sky
242,Salvador,SV,13.8333,-88.9167,87.8,55,20,5.75,few clouds
243,Bairiki,KI,1.3292,172.9752,82.4,74,75,9.22,broken clouds
244,Dwarka,IN,22.2394,68.9678,73.13,83,0,6.49,clear sky
245,Acapulco,MX,16.8634,-99.8901,84.2,74,20,12.66,few clouds
246,Port Macquarie,AU,-31.4333,152.9167,69.8,94,90,1.14,overcast clouds
247,Trincomalee,LK,8.5711,81.2335,80.8,78,98,12.37,overcast clouds
248,Baruun-Urt,MN,46.6806,113.2792,21.47,90,100,6.8,overcast clouds
249,Klaksvik,FO,62.2266,-6.589,39.2,93,75,9.22,broken clouds
250,Heihe,CN,50.2441,127.4902,17.6,62,0,4.47,clear sky
251,Geraldton,AU,-28.7667,114.6,71.6,88,40,9.22,scattered clouds
252,Imbituba,BR,-28.24,-48.6703,75.2,69,40,10.36,scattered clouds
253,Felipe Carrillo Puerto,MX,19.5833,-88.05,78.98,62,65,7.47,broken clouds
254,Laguna,US,38.421,-121.4238,55.0,54,75,11.5,broken clouds
255,Matagami,CA,49.7502,-77.6328,41.0,93,90,4.61,moderate rain
256,Gamba,GA,-2.65,10.0,78.82,86,100,5.73,overcast clouds
257,Lazaro Cardenas,MX,17.9583,-102.2,80.15,60,0,9.62,clear sky
258,Qixingtai,CN,30.4135,111.8874,48.0,96,92,2.62,overcast clouds
259,Kamaishi,JP,39.2667,141.8833,35.6,69,40,3.44,scattered clouds
260,Irece,BR,-11.3042,-41.8558,79.83,52,94,1.7,overcast clouds
261,Nandgaon,IN,20.3167,74.65,74.55,25,0,4.45,clear sky
262,Mount Darwin,ZW,-16.7725,31.5838,65.66,94,1,1.52,clear sky
263,Kununurra,AU,-15.7667,128.7333,78.8,100,75,1.14,broken clouds
264,Kungurtug,RU,50.5994,97.5228,10.42,86,0,2.33,clear sky
265,Arraial Do Cabo,BR,-22.9661,-42.0278,77.0,88,40,10.36,scattered clouds
266,Chagoda,RU,59.164,35.3285,-4.81,92,1,1.95,clear sky
267,Kavieng,PG,-2.5744,150.7967,84.0,64,98,6.02,overcast clouds
268,Pandan Niog,PH,6.2282,120.5631,82.56,77,100,19.42,overcast clouds
269,Guerrero Negro,MX,27.9769,-114.0611,61.95,53,79,20.45,broken clouds
270,Katobu,ID,-4.9408,122.5276,76.77,90,96,1.03,overcast clouds
271,Berlevag,NO,70.8578,29.0864,14.0,67,0,33.38,clear sky
272,Zwedru,LR,6.0667,-8.1281,74.26,96,66,3.44,broken clouds
273,Kristiinankaupunki,FI,62.2743,21.376,11.8,93,68,12.88,broken clouds
274,Qasigiannguit,GL,68.8193,-51.1922,17.6,67,90,2.3,overcast clouds
275,Ponta Do Sol,PT,32.6667,-17.1,57.0,68,15,3.0,few clouds
276,Gimli,CA,50.6336,-96.9907,28.4,74,53,6.91,broken clouds
277,Liuli,TZ,-11.0833,34.6333,77.4,70,100,2.89,moderate rain
278,Oranjemund,NA,-28.55,16.4333,66.42,86,1,1.81,clear sky
279,Biak,ID,-0.9131,122.8766,77.79,75,88,2.51,overcast clouds
280,Tomari,RU,47.7658,142.0683,31.59,90,23,13.35,few clouds
281,Pupiales,CO,0.8714,-77.6403,51.13,92,100,3.31,moderate rain
282,Visnes,NO,59.3556,5.2242,37.99,93,90,34.52,moderate rain
283,Freeport,US,40.6576,-73.5832,46.4,66,1,9.22,clear sky
284,Jalu,LY,29.0331,21.5482,61.99,58,98,6.31,overcast clouds
285,Portland,US,45.5234,-122.6762,57.0,54,20,5.06,few clouds
286,Windsor,CA,42.3001,-83.0165,66.2,51,40,21.85,scattered clouds
287,Krasnoselkup,RU,65.7,82.4667,-35.0,83,0,1.68,clear sky
288,Morondava,MG,-20.2833,44.2833,74.14,76,0,7.61,clear sky
289,Chokurdakh,RU,70.6333,147.9167,-2.88,91,99,11.12,overcast clouds
290,Malanville,BJ,11.8685,3.3899,89.31,21,62,5.3,broken clouds
291,Bengkulu,ID,-3.8004,102.2655,74.59,89,26,4.88,scattered clouds
292,Andenes,NO,69.3143,16.1194,25.0,63,0,12.66,clear sky
293,Bismarck,US,46.8083,-100.7837,39.2,56,75,11.5,broken clouds
294,Banda Aceh,ID,5.5577,95.3222,77.77,66,41,11.95,scattered clouds
295,Alice Springs,AU,-23.7,133.8833,87.01,78,40,4.61,scattered clouds
296,Bundaberg,AU,-24.85,152.35,84.0,69,40,6.91,scattered clouds
297,Makakilo City,US,21.3469,-158.0858,80.6,74,20,8.05,light rain
298,Santa Cruz Do Rio Pardo,BR,-22.8989,-49.6325,69.17,85,0,1.12,clear sky
299,Belaya Gora,RU,68.5333,146.4167,-2.16,87,83,10.33,broken clouds
300,Beringovskiy,RU,63.05,179.3167,-4.38,82,61,2.37,broken clouds
301,Bongandanga,CD,1.5,21.05,75.45,66,63,2.06,broken clouds
302,Guaraniacu,BR,-25.1008,-52.8781,63.45,77,18,2.01,few clouds
303,Tasiilaq,GL,65.6145,-37.6368,14.0,85,0,6.91,clear sky
304,Wagar,SD,16.1525,36.2032,73.51,66,0,7.99,clear sky
305,San Borja,BO,-14.8167,-66.85,79.9,74,9,3.56,clear sky
306,Verkhnyaya Balkariya,RU,43.1279,43.4573,26.6,100,75,8.95,light snow
307,Rabat,MA,33.9911,-6.8401,55.0,100,0,9.24,clear sky
308,Imeni Poliny Osipenko,RU,52.4201,136.4853,14.86,93,33,3.69,scattered clouds
309,Batticaloa,LK,7.7102,81.6924,77.79,80,45,5.06,scattered clouds
310,Nataga,CO,2.5436,-75.8085,65.68,88,88,0.78,overcast clouds
311,Vostok,RU,46.4856,135.8833,18.39,94,83,3.36,broken clouds
312,Marataizes,BR,-21.0433,-40.8244,77.68,86,96,1.1,overcast clouds
313,Bulgan,MN,48.8125,103.5347,25.07,89,2,0.69,clear sky
314,Omboue,GA,-1.5746,9.2618,78.78,89,89,5.03,overcast clouds
315,Goldsboro,US,35.3849,-77.9928,69.8,24,1,4.61,clear sky
316,Angoche,MZ,-16.2325,39.9086,78.06,87,100,7.54,light rain
317,Atar,MR,20.5169,-13.0499,64.08,28,0,8.99,clear sky
318,Grafton,US,42.207,-71.6856,53.6,32,1,11.5,clear sky
319,Caravelas,BR,-17.7125,-39.2481,78.04,78,42,9.37,moderate rain
320,Skibbereen,IE,51.55,-9.2667,46.4,87,75,37.98,broken clouds
321,Parsabad,IR,39.6482,47.9174,41.0,81,0,16.11,clear sky
322,Cherskiy,RU,68.75,161.3,-9.33,80,0,17.52,clear sky
323,Benghazi,LY,32.1167,20.0667,60.85,74,89,7.14,overcast clouds
324,Teguldet,RU,57.3064,88.1667,33.48,96,100,13.6,snow
325,Poum,NC,-20.2333,164.0167,79.54,71,28,14.54,scattered clouds
326,Kamiiso,JP,41.8167,140.65,28.4,86,20,5.75,few clouds
327,Ambilobe,MG,-13.2,49.05,72.88,93,4,1.66,clear sky
328,Bonavista,CA,48.6499,-53.1147,30.99,69,72,8.05,broken clouds
329,Bilibino,RU,68.0546,166.4372,-16.56,79,0,2.93,clear sky
330,Torbay,CA,47.6666,-52.7314,30.99,74,20,11.5,few clouds
331,Chingirlau,KZ,51.095,54.0814,3.61,94,98,11.32,overcast clouds
332,Khorramshahr,IR,30.4397,48.1664,64.4,55,0,2.3,clear sky
333,Dublin,US,37.7021,-121.9358,54.0,81,90,8.05,overcast clouds
334,Port-Gentil,GA,-0.7193,8.7815,80.6,89,20,6.91,light rain
335,Eaglesfield,GB,54.6406,-3.4044,45.0,96,95,15.01,overcast clouds
336,Ucluelet,CA,48.9329,-125.5528,50.0,76,20,8.05,few clouds
337,Batsfjord,NO,70.6345,29.7185,14.0,67,0,33.38,clear sky
338,Sabha,LY,27.0377,14.4283,68.4,32,85,18.88,overcast clouds
339,Ixtapa,MX,20.7,-105.2,78.8,65,40,11.5,scattered clouds
340,Clones,IE,54.1833,-7.2333,48.0,82,95,11.01,moderate rain
341,Lishu,CN,43.3047,124.3278,35.6,90,2,2.37,clear sky
342,Bohodukhiv,UA,50.1647,35.5276,19.4,63,0,4.47,clear sky
343,Orlik,RU,52.5178,99.825,3.61,76,0,2.24,clear sky
344,Ipora,BR,-16.4419,-51.1178,69.94,96,100,2.13,overcast clouds
345,Northam,GB,51.0333,-4.2167,52.0,86,100,21.99,overcast clouds
346,Vung Tau,VN,10.346,107.0843,78.4,78,89,19.37,overcast clouds
347,Mogocha,RU,53.7333,119.7667,3.99,90,14,1.97,few clouds
348,Potiskum,NG,11.7091,11.0694,79.14,16,0,7.67,clear sky
349,Carauari,BR,-4.8828,-66.8958,74.19,95,97,1.07,overcast clouds
350,Mareeba,AU,-17.0,145.4333,82.4,69,75,9.22,broken clouds
351,Alofi,NU,-19.0595,-169.9187,82.4,61,40,12.66,scattered clouds
352,Vyssi Brod,CZ,48.616,14.3118,33.01,95,94,3.0,overcast clouds
353,Tucumcari,US,35.1717,-103.725,69.8,10,1,18.41,clear sky
354,Kruisfontein,ZA,-34.0033,24.7314,68.0,86,99,5.01,light rain
355,Rio Brilhante,BR,-21.8019,-54.5464,74.32,57,0,3.11,clear sky
356,Bolshaya Martynovka,RU,47.271,41.6679,25.52,83,99,7.54,overcast clouds
357,Guaratinga,BR,-16.5667,-39.5667,77.0,73,0,6.91,clear sky
358,Simplicio Mendes,BR,-7.8539,-41.9103,77.56,70,37,3.74,scattered clouds
359,Abu Samrah,SY,35.3029,37.1841,55.02,65,96,7.16,overcast clouds
360,Chifeng,CN,42.2683,118.9636,36.81,79,96,4.56,overcast clouds
361,Talas,TR,38.6908,35.5538,44.6,87,75,4.61,light rain
362,Half Moon Bay,US,37.4636,-122.4286,55.4,71,75,14.97,broken clouds
363,Lima,PE,-12.0432,-77.0282,80.6,54,0,12.66,clear sky
364,Soc Trang,VN,9.6033,105.98,77.0,88,0,6.91,clear sky
365,Yashkul,RU,46.1711,45.3435,27.01,78,100,8.75,overcast clouds
366,Samarai,PG,-10.6167,150.6667,83.91,72,31,7.23,scattered clouds
367,Kinablangan,PH,7.6947,126.5503,78.1,84,100,5.64,very heavy rain
368,Gao,ML,16.6362,1.637,80.65,16,0,12.66,clear sky
369,Maceio,BR,-9.6658,-35.7353,77.0,88,0,8.05,clear sky
370,Goshogawara,JP,40.8044,140.4414,41.0,60,75,11.5,broken clouds
371,Acajutla,SV,13.5928,-89.8275,89.6,37,40,4.61,scattered clouds
372,Rongai,KE,-0.1733,35.8638,58.59,62,64,0.74,broken clouds
373,Pisco,PE,-13.7,-76.2167,77.0,69,75,16.11,broken clouds
374,Roebourne,AU,-20.7833,117.1333,85.55,57,0,9.06,clear sky
375,Namalenga,TZ,-10.95,39.1,71.29,96,78,1.39,broken clouds
376,Gazli,UZ,40.1333,63.45,39.24,71,0,4.23,clear sky
377,Axim,GH,4.8699,-2.2405,81.37,82,100,9.35,overcast clouds
378,Naze,JP,28.3667,129.4833,68.0,68,20,13.8,few clouds
379,Mangai,CD,-4.05,19.5333,74.7,77,62,1.9,broken clouds
380,San Jeronimo,PE,-11.9472,-75.2829,53.51,69,70,2.13,broken clouds
381,Barcelos,PT,41.5388,-8.6151,55.4,94,90,8.05,mist
382,Banjarmasin,ID,-3.3244,114.591,77.0,94,100,2.3,overcast clouds
383,Kuytun,RU,54.3419,101.5036,19.83,98,98,7.7,overcast clouds
384,Novobirilyussy,RU,56.9514,90.6661,31.33,95,100,11.92,overcast clouds
385,Faya,SA,18.3851,42.4509,66.2,67,0,2.59,clear sky
386,Manggar,ID,-2.8833,108.2667,76.84,87,88,5.61,overcast clouds
387,Mumford,GH,5.2618,-0.759,81.57,83,100,13.89,overcast clouds
388,Nokia,FI,61.4667,23.5,6.01,66,0,3.44,clear sky
389,Dunda,TZ,-8.1167,34.25,63.37,93,98,1.79,overcast clouds
390,Dingzhou,CN,38.5131,114.9956,44.6,93,100,3.71,mist
391,Tahoua,NE,14.8888,5.2692,79.56,16,61,4.56,broken clouds
392,Poya,NC,-21.35,165.15,80.6,63,23,3.51,few clouds
393,Gizo,SB,-8.103,156.8419,82.6,71,78,1.41,light rain
394,Katol,IN,21.2667,78.5833,75.2,50,40,2.3,haze
395,Glendive,US,47.1053,-104.7125,39.99,56,1,5.75,clear sky
396,Port Augusta,AU,-32.5,137.7667,69.01,88,0,10.36,clear sky
397,Nabire,ID,-3.3667,135.4833,77.54,79,99,2.71,overcast clouds
398,North Bend,US,43.4065,-124.2243,50.0,81,40,17.27,scattered clouds
399,Kardla,EE,58.9978,22.7492,17.01,70,100,8.01,overcast clouds
400,Inhambane,MZ,-23.865,35.3833,74.46,86,0,10.36,clear sky
401,Monduli,TZ,-3.3,36.45,63.7,68,9,4.54,clear sky
402,Ajdabiya,LY,30.7554,20.2263,61.9,69,100,11.83,overcast clouds
403,Okahandja,NA,-21.9833,16.9167,68.0,21,0,3.44,clear sky
404,Akureyri,IS,65.6835,-18.0878,32.0,86,90,23.02,snow
405,College,US,64.8569,-147.8028,26.6,80,90,4.7,snow
406,Guanica,PR,17.9716,-66.908,77.0,74,2,1.01,clear sky
407,Bolu,TR,40.6667,31.5833,41.97,66,93,1.28,overcast clouds
408,Yanam,IN,16.7333,82.2167,69.13,96,8,1.36,clear sky
409,Flin Flon,CA,54.7682,-101.865,19.4,79,90,17.27,snow
410,Shieli,KZ,44.1667,66.75,33.12,85,0,6.22,clear sky
411,Gunjur,GM,13.2019,-16.7339,71.6,64,52,8.05,broken clouds
412,Mayo,US,38.8876,-76.5119,59.0,50,1,4.61,clear sky
413,Russell,US,32.3502,-85.1999,71.6,33,1,6.91,clear sky
414,Karwar,IN,14.8,74.1333,74.88,86,7,5.19,clear sky
415,Luganville,VU,-15.5333,167.1667,82.31,73,44,11.68,scattered clouds
416,Brattleboro,US,42.8509,-72.5579,48.2,43,1,6.91,clear sky
417,Scarborough,GB,54.2797,-0.4044,52.0,79,96,11.01,light rain
418,Verkhoyansk,RU,67.5447,133.385,-5.78,81,96,7.2,overcast clouds
419,Groningen,NL,53.25,6.75,43.0,93,75,19.57,light rain
420,Walvis Bay,NA,-22.9575,14.5053,60.8,82,0,3.44,clear sky
421,Bobrovka,RU,54.047,61.7455,14.0,96,99,16.96,overcast clouds
422,Kendari,ID,-3.945,122.4989,76.19,88,100,2.86,overcast clouds
423,Itacare,BR,-14.2775,-38.9967,80.6,74,40,11.5,scattered clouds
424,Otane,NZ,-39.8833,176.6333,64.0,92,100,5.01,overcast clouds
425,Santiago Del Estero,AR,-27.7951,-64.2615,85.42,38,0,7.23,clear sky
426,Coos Bay,US,43.3665,-124.2179,50.0,81,40,17.27,scattered clouds
427,Port Hawkesbury,CA,45.6169,-61.3485,30.2,80,1,2.3,clear sky
428,Pokhara,NP,28.2333,83.9833,62.44,28,0,6.85,clear sky
429,Boende,CD,-0.2167,20.8667,72.27,92,46,2.51,scattered clouds
430,San Pedro,PH,14.35,121.0167,81.0,78,20,3.44,few clouds
431,Nelson Bay,AU,-32.7167,152.15,78.01,65,40,10.36,scattered clouds
432,Khani,GE,41.9563,42.9566,50.0,43,75,13.8,broken clouds
433,Letka,RU,59.6011,49.4232,4.41,94,100,7.92,light snow
434,Pacifica,US,37.6138,-122.4869,54.0,54,75,14.97,broken clouds
435,Yangshan,CN,28.7615,115.0287,50.25,93,99,1.9,overcast clouds
436,Berezovka,BY,53.7214,25.4993,19.42,92,0,5.55,clear sky
437,Nantucket,US,41.2835,-70.0995,41.0,81,1,5.75,clear sky
438,Umm Lajj,SA,25.0213,37.2685,78.35,47,0,4.09,clear sky
439,Alice Town,BS,25.7167,-79.3,71.96,73,38,25.48,scattered clouds
440,Pandan,PH,14.0453,124.1694,80.1,73,47,19.8,scattered clouds
441,San Cristobal,VE,7.7669,-72.225,75.2,83,75,2.3,broken clouds
442,Shenjiamen,CN,29.9576,122.298,53.67,88,100,6.62,light rain
443,Sao Filipe,CV,14.8961,-24.4956,69.31,79,97,11.9,overcast clouds
444,Kenai,US,60.5544,-151.2583,33.8,93,90,18.41,light rain
445,Khandyga,RU,62.6667,135.6,3.31,94,100,5.84,overcast clouds
446,Oistins,BB,13.0667,-59.5333,78.8,65,20,17.27,few clouds
447,Bandarbeyla,SO,9.4942,50.8122,76.01,82,32,10.29,scattered clouds
448,Oktyabrskoye,RU,43.0645,44.7417,26.6,93,99,15.66,overcast clouds
449,Verkhnevilyuysk,RU,63.4453,120.3167,-8.09,90,5,6.69,clear sky
450,Goma,CD,-1.6792,29.2228,60.91,79,40,2.82,scattered clouds
451,Whitehorse,CA,60.7161,-135.0538,28.99,46,75,32.21,snow
452,Finschhafen,PG,-6.6024,147.8681,80.87,73,100,4.83,overcast clouds
453,Caxito,AO,-8.5785,13.6643,82.4,78,40,8.05,scattered clouds
454,Bintulu,MY,3.1667,113.0333,73.4,94,40,3.44,scattered clouds
455,Conceicao Do Araguaia,BR,-8.2578,-49.2647,75.47,91,100,2.73,overcast clouds
456,Muisne,EC,0.6,-80.0333,78.82,82,100,4.38,overcast clouds
457,Colares,PT,38.7992,-9.4469,55.99,86,97,6.24,overcast clouds
458,Nedjo,ET,9.5046,35.5019,65.55,34,78,2.35,broken clouds
459,Kindu,CD,-2.95,25.95,70.02,97,53,1.12,light rain
460,Verkhovazhye,RU,60.7472,42.0465,6.37,94,99,7.52,overcast clouds
461,Dingle,PH,10.9995,122.6711,75.96,86,86,9.82,overcast clouds
462,Tsuruga,JP,35.6455,136.0558,41.0,76,0,3.0,clear sky
463,Hammerfest,NO,70.6634,23.6821,17.6,53,0,3.44,clear sky
464,Iranshahr,IR,27.2025,60.6848,57.94,37,0,1.83,clear sky
465,Mayumba,GA,-3.432,10.6554,79.65,83,85,5.95,overcast clouds
466,Malakal,SS,9.5334,31.6605,86.2,23,2,2.95,clear sky
467,Antofagasta,CL,-23.65,-70.4,71.6,73,75,8.05,broken clouds
468,Biryusinsk,RU,55.9634,97.8235,17.98,96,54,6.11,broken clouds
469,Fuerte Olimpo,PY,-21.0415,-57.8738,79.07,42,14,2.17,few clouds
470,Missoula,US,47.0166,-113.8009,44.01,49,1,5.75,clear sky
471,Kysyl-Syr,RU,63.8986,122.7617,-6.68,90,94,7.18,overcast clouds
472,Nioaque,BR,-21.1353,-55.83,75.54,55,0,2.82,clear sky
473,Lumut,MY,4.2323,100.6298,77.0,94,20,5.93,few clouds
474,Ipameri,BR,-17.7219,-48.1597,69.35,92,100,1.57,overcast clouds
475,Erenhot,CN,43.6475,111.9767,29.73,94,1,17.45,clear sky
476,Rosario,AR,-32.9468,-60.6393,86.0,39,0,5.75,clear sky
477,Uruzgan,AF,32.8333,66.0,53.06,40,100,1.86,overcast clouds
478,Kaeo,NZ,-35.1,173.7833,73.99,78,10,5.99,clear sky
479,Tabas,IR,33.5959,56.9244,53.76,41,30,2.42,scattered clouds
480,Lexington,US,37.9887,-84.4777,66.2,27,20,9.22,few clouds
481,Biltine,TD,14.5333,20.9167,77.65,15,0,9.33,clear sky
482,Vernon,CA,50.2581,-119.2691,48.0,49,96,2.3,overcast clouds
483,Palekh,RU,56.8028,41.8572,-8.32,91,5,5.64,clear sky
484,Taitung,TW,22.7583,121.1444,66.2,88,75,3.44,broken clouds
485,Katherine,AU,-14.4667,132.2667,78.8,89,68,4.61,broken clouds
486,Takoradi,GH,4.8845,-1.7554,81.14,83,100,10.42,overcast clouds
487,Linxia,CN,35.6003,103.2064,38.77,72,1,1.32,clear sky
488,Lorengau,PG,-2.0226,147.2712,83.44,69,100,5.19,overcast clouds
489,Broome,US,42.2506,-75.833,53.6,37,1,11.5,clear sky
490,Lagoa,PT,39.05,-27.9833,57.76,85,100,12.06,overcast clouds
491,Zhangjiakou,CN,40.81,114.8794,41.16,79,97,1.63,overcast clouds
492,Mecca,SA,21.4267,39.8261,77.67,48,0,3.22,clear sky
493,Touros,BR,-5.1989,-35.4608,78.8,83,20,5.75,few clouds
494,Mogadishu,SO,2.0371,45.3438,77.94,86,7,16.22,clear sky
495,Sobolevo,RU,54.4299,31.8996,4.68,93,96,7.85,overcast clouds
496,Auki,SB,-8.7676,160.7034,84.22,69,66,5.59,broken clouds
497,Mtwara,TZ,-10.2667,40.1833,79.59,83,100,6.29,overcast clouds
498,Merauke,ID,-8.4667,140.3333,78.08,84,77,5.53,broken clouds
499,Cienfuegos,CU,22.1461,-80.4356,77.0,50,18,13.8,few clouds
500,Gevrai,IN,19.2667,75.75,76.71,23,16,3.2,few clouds
501,Fujin,CN,47.26,132.0322,21.9,95,12,6.44,few clouds
502,Vestmannaeyjar,IS,63.4427,-20.2734,34.99,82,96,27.09,overcast clouds
503,Alibag,IN,18.6411,72.8792,78.8,83,0,3.44,mist
504,Luangwa,ZM,-15.6167,30.4167,71.11,87,85,0.49,overcast clouds
505,Kita,ML,13.0349,-9.4895,80.53,17,0,6.44,clear sky
506,Clemson,US,34.6834,-82.8374,68.0,32,1,3.24,clear sky
507,Bila Tserkva,UA,49.8094,30.1121,26.24,85,98,5.23,overcast clouds
508,Riviere-Au-Renard,CA,48.9957,-64.3971,42.8,42,75,8.05,broken clouds
509,Marzuq,YE,14.4,46.4667,58.15,35,0,3.42,clear sky
510,Menongue,AO,-14.6585,17.691,62.91,87,23,3.8,few clouds
511,Burnie,AU,-41.0667,145.9167,63.0,74,72,4.0,broken clouds
512,Yakeshi,CN,49.2833,120.7333,7.68,91,0,1.77,clear sky
513,Barabinsk,RU,55.3571,78.357,11.17,95,100,16.67,overcast clouds
514,Karratha,AU,-20.7377,116.8463,84.02,64,0,8.99,clear sky
515,Salalah,OM,17.0151,54.0924,71.6,43,0,4.61,clear sky
516,Cortez,US,37.3489,-108.5859,42.8,28,90,3.44,overcast clouds
517,Norrtalje,SE,59.758,18.705,28.99,82,100,14.0,overcast clouds
518,Vila,PT,42.0304,-8.1588,50.0,94,100,10.0,overcast clouds
519,Buin,CL,-33.7333,-70.75,77.0,46,0,5.75,clear sky
520,Dawei,MM,14.0833,98.2,72.66,68,14,2.98,few clouds
521,Baoqing,CN,46.3317,132.2111,23.61,93,2,2.77,clear sky
522,Constitucion,CL,-35.3333,-72.4167,63.45,90,29,6.64,scattered clouds
523,Zyryanka,RU,65.75,150.85,-5.31,84,6,11.32,clear sky
524,Opelousas,US,30.5335,-92.0815,75.2,57,40,23.02,scattered clouds
525,Mana,GF,5.6592,-53.7767,77.27,86,97,12.28,overcast clouds
526,Raudeberg,NO,61.9875,5.1352,41.0,60,75,33.38,broken clouds
527,Kigoma,TZ,-4.8769,29.6267,73.13,79,80,4.72,light rain
528,Mariestad,SE,58.7097,13.8237,30.2,80,40,11.5,scattered clouds
529,Nybro,SE,56.7446,15.9071,33.01,86,40,9.22,scattered clouds
530,Vershino-Shakhtaminskiy,RU,51.3012,117.8868,8.8,93,0,4.56,clear sky
531,Kiruna,SE,67.8557,20.2251,8.6,78,90,25.32,overcast clouds
532,Sedam,IN,17.1773,77.2824,70.29,37,0,5.23,clear sky
533,Xining,CN,36.6167,101.7667,33.91,82,89,2.15,overcast clouds
534,Elk City,US,35.412,-99.4043,80.6,8,1,21.85,clear sky
535,Kangaba,ML,11.9333,-8.4167,81.7,18,3,4.38,clear sky
536,Teya,RU,60.3778,92.6267,12.49,94,100,3.02,light snow
537,Evensk,RU,61.95,159.2333,-13.36,87,94,3.29,overcast clouds
538,Brae,GB,60.3964,-1.353,44.6,93,90,21.85,overcast clouds
539,Piraquara,BR,-25.4417,-49.0633,64.0,94,0,4.61,clear sky
540,Salinas,US,36.6777,-121.6555,55.4,58,1,4.61,clear sky
541,South Bend,US,41.6834,-86.25,66.2,55,90,19.57,overcast clouds
542,Lillooet,CA,50.6856,-121.942,42.8,70,90,3.44,overcast clouds
543,Kostomuksha,RU,64.571,30.5767,0.84,88,0,8.48,clear sky
544,Jiexiu,CN,37.0244,111.9125,43.45,70,46,2.93,scattered clouds
545,Cururupu,BR,-1.8283,-44.8683,75.58,89,95,2.71,overcast clouds
546,Karia,NG,11.7306,11.1629,78.17,16,0,6.76,clear sky
547,Vao,NC,-22.6667,167.4833,77.0,72,25,13.62,scattered clouds
548,Konakovo,RU,56.7,36.7667,-1.34,90,6,4.12,clear sky
549,Chokwe,MZ,-24.5333,32.9833,74.17,53,0,6.71,clear sky
550,Horsham,GB,51.064,-0.3272,50.0,93,75,19.57,broken clouds
551,Pedernales,DO,18.0384,-71.744,80.1,65,60,5.7,broken clouds
552,Sarangani,PH,5.4033,125.4636,81.39,74,97,3.53,light rain
553,Kloulklubed,PW,7.0419,134.2556,77.0,94,90,17.63,overcast clouds
554,Izumo,JP,35.3667,132.7667,32.0,80,40,10.36,scattered clouds
555,Hangu,CN,39.2489,117.7892,46.4,81,100,2.24,light rain
556,Comiso,IT,36.9513,14.6102,45.0,93,20,3.44,few clouds
557,Coihaique,CL,-45.5752,-72.0662,44.6,81,90,5.75,light rain
558,Talnakh,RU,69.4865,88.3972,-28.01,83,100,5.86,overcast clouds
559,Port-Cartier,CA,50.0334,-66.8654,42.8,45,100,13.8,overcast clouds
560,Olga,RU,43.7444,135.2892,31.24,78,37,2.86,scattered clouds
561,Yarmouth,US,41.7057,-70.2286,39.99,75,1,8.05,clear sky
562,Pitimbu,BR,-7.4706,-34.8086,78.8,89,0,5.75,clear sky
563,Abu Kamal,SY,34.4506,40.9171,70.7,23,99,18.45,overcast clouds
564,Pasighat,IN,28.0667,95.3333,67.78,54,88,2.3,overcast clouds
565,Ibra,OM,22.6906,58.5334,65.8,38,0,2.33,clear sky
566,Mwanza,TZ,-2.5167,32.9,70.77,71,55,6.13,broken clouds
567,Mirnyy,RU,62.5353,113.9611,-3.55,92,85,6.8,overcast clouds
568,Siocon,PH,7.7061,122.1353,78.62,82,100,9.33,light rain
569,Skjervoy,NO,70.0311,20.9714,24.31,86,100,17.18,overcast clouds
570,Borova,UA,50.1763,30.1043,24.01,79,0,4.47,clear sky
571,Namatanai,PG,-3.6667,152.4333,84.51,63,100,1.54,overcast clouds
572,Espanola,US,35.9911,-106.0806,54.0,18,1,16.11,clear sky
573,Havelock,US,34.8791,-76.9013,62.6,34,1,8.05,clear sky
574,Balakhta,RU,55.38,91.6,21.6,95,75,5.66,broken clouds
575,Matata,NZ,-37.8833,176.75,71.01,79,100,1.01,overcast clouds
576,Cervo,ES,43.6702,-7.4101,55.99,89,99,4.0,overcast clouds
577,Pontes E Lacerda,BR,-15.2261,-59.3353,74.73,68,95,2.04,overcast clouds
578,Pag,HR,44.445,15.0575,44.6,39,0,6.91,clear sky
579,Sitangkai,PH,4.6628,119.3928,81.81,77,100,10.71,light rain
580,Nyimba,ZM,-14.5566,30.8149,68.2,95,89,1.79,light rain
581,Les Cayes,HT,18.2,-73.75,77.13,74,69,4.94,broken clouds
582,Januaria,BR,-15.4833,-44.3667,72.54,85,52,1.03,moderate rain
583,Vysokogornyy,RU,50.1167,139.15,18.86,95,98,8.66,light snow
584,Lenoir,US,35.2335,-77.6497,69.8,30,1,3.44,clear sky
585,Myitkyina,MM,25.3833,97.4,61.47,61,0,3.27,clear sky
586,Sinegorye,RU,62.0788,150.477,-3.5,82,80,4.56,broken clouds
587,Naples,IT,40.8333,14.25,46.0,57,0,6.91,clear sky
588,Isangel,VU,-19.55,169.2667,84.2,65,40,5.75,scattered clouds
589,Bay-Khaak,RU,51.1667,94.5,8.53,87,0,2.59,clear sky
590,Oussouye,SN,12.485,-16.5469,78.8,73,0,6.91,clear sky
591,Puri,IN,19.8,85.85,77.0,94,75,6.91,mist
592,Chiredzi,ZW,-21.05,31.6667,68.58,77,0,2.44,clear sky
593,Aboisso,CI,5.4678,-3.2071,78.58,88,99,4.0,overcast clouds
594,Wenling,CN,28.3669,121.36,54.0,96,100,4.34,overcast clouds
595,Sunrise Manor,US,36.2111,-115.0731,59.0,26,20,21.85,few clouds
596,Inuvik,CA,68.3499,-133.7218,19.4,68,100,5.75,overcast clouds
597,La Ronge,CA,55.1001,-105.2842,15.8,41,100,11.5,overcast clouds
598,Bowmore,US,34.9421,-79.3031,68.0,28,1,5.75,clear sky
599,Popondetta,PG,-8.7537,148.2534,83.34,70,72,1.88,broken clouds
600,Luebo,CD,-5.35,21.4167,73.54,80,49,2.01,scattered clouds
601,Hervey Bay,AU,-25.2986,152.8535,80.6,69,40,6.91,scattered clouds
602,Dvinskoy,RU,62.1535,45.1175,13.55,94,100,10.67,overcast clouds
603,Bouake,CI,7.6895,-5.0218,80.6,69,20,6.91,few clouds
604,Esterhazy,CA,50.65,-102.0843,28.4,86,7,8.05,clear sky
605,Da Lat,VN,11.9465,108.4419,56.14,98,53,2.8,broken clouds
606,Ahome,MX,25.9167,-109.1833,77.0,23,90,23.02,overcast clouds
607,Almeirim,BR,-1.5233,-52.5817,73.51,96,99,3.89,overcast clouds
608,Ndele,CF,8.4109,20.6473,77.49,23,52,3.71,broken clouds
609,Avera,US,33.194,-82.5271,71.6,28,1,5.75,clear sky
610,Praya,CV,14.9215,-23.5087,68.0,73,75,20.71,broken clouds
611,Puerto Leguizamo,CO,-0.1934,-74.7819,75.76,93,98,1.97,overcast clouds
612,Tokur,RU,53.1333,132.9,6.8,97,78,2.75,broken clouds
613,Vila Velha,BR,-20.3297,-40.2925,75.2,94,40,4.61,scattered clouds
614,Carlisle,US,40.2015,-77.1889,64.4,27,1,8.05,clear sky
615,Yenagoa,NG,4.9247,6.2642,77.25,89,93,3.78,overcast clouds
616,Algodones,MX,20.3888,-105.4773,78.8,65,40,11.5,scattered clouds
617,Providencia,MX,28.7167,-111.5833,77.0,16,87,13.0,overcast clouds
618,Coihueco,CL,-36.6167,-71.8333,64.4,100,75,2.3,broken clouds
619,Dukat,RU,62.55,155.55,-2.69,83,35,7.87,scattered clouds
620,Blagoveshchensk,RU,50.2667,127.5333,17.6,62,0,4.47,clear sky
621,Kinshasa,CD,-4.3246,15.3215,82.4,78,52,4.61,light rain
622,Beipiao,CN,41.7919,120.7792,39.16,71,99,11.05,overcast clouds
623,Ostrovnoy,RU,68.0531,39.5131,1.47,90,23,13.04,few clouds
624,Tocopilla,CL,-22.092,-70.1979,68.92,67,24,2.19,few clouds
625,Goure,NE,13.9835,10.2704,79.41,15,56,8.16,broken clouds
626,Ust-Tsilma,RU,65.441,52.1498,5.9,94,100,4.63,overcast clouds
627,Gravdal,NO,68.1214,13.5031,26.42,89,0,17.11,clear sky
628,Chernaya Kholunitsa,RU,58.8511,51.7154,-8.27,91,98,4.52,overcast clouds
629,Bay Roberts,CA,47.5999,-53.2648,30.0,76,9,1.99,clear sky
630,Ubinskoye,RU,55.3068,79.6802,13.3,95,100,20.07,overcast clouds
631,Boa Vista,BR,2.8197,-60.6733,89.6,40,40,6.91,scattered clouds
632,Ferkessedougou,CI,9.6,-5.2,86.09,49,97,8.84,overcast clouds
633,Elliot Lake,CA,46.3834,-82.6331,41.0,87,90,14.97,light rain
634,Sorong,ID,-0.8833,131.25,79.32,80,37,6.15,scattered clouds
635,Salinopolis,BR,-0.6136,-47.3561,77.63,84,100,5.97,overcast clouds
636,Kargat,RU,55.1956,80.2811,13.71,95,100,20.49,overcast clouds
637,Srednekolymsk,RU,67.45,153.6833,-5.71,83,84,8.19,broken clouds
638,Morehead,US,37.2711,-87.1764,68.0,40,40,14.97,scattered clouds
639,Carson City,US,39.1638,-119.7674,41.0,41,90,3.44,overcast clouds
640,Bahia Honda,CU,22.9036,-83.1592,74.5,65,52,15.03,broken clouds
641,Arvika,SE,59.6553,12.5852,30.2,86,20,16.11,snow
642,Nizhneudinsk,RU,54.9076,99.0276,20.34,93,14,5.73,few clouds
643,Cairns,AU,-16.9167,145.7667,82.4,69,75,9.22,broken clouds
644,Paita,PE,-5.0892,-81.1144,82.4,74,75,9.22,broken clouds
645,Kijang,KR,35.2442,129.2139,39.2,75,0,3.44,clear sky
646,Montepuez,MZ,-13.1256,38.9997,69.35,97,100,2.44,overcast clouds
647,Zhigansk,RU,66.7697,123.3711,-11.2,89,100,3.11,overcast clouds
648,Kassala,SD,15.451,36.4,76.21,49,0,8.59,clear sky
649,Mongu,ZM,-15.2484,23.1274,67.35,67,71,3.31,broken clouds
650,Polunochnoye,RU,60.8697,60.4153,-20.0,88,48,3.15,scattered clouds
651,Aksarka,RU,66.5606,67.7975,-28.8,85,0,4.85,clear sky
652,Grand-Lahou,CI,5.1367,-5.0242,80.06,89,100,9.71,light rain
653,Palauig,PH,15.435,119.9045,76.98,65,82,5.66,broken clouds
654,Gaoua,BF,10.2992,-3.2508,80.83,62,90,11.59,overcast clouds
655,Abha,SA,18.2164,42.5053,66.2,67,0,2.08,clear sky
656,Sabzevar,IR,36.2126,57.6819,44.4,64,0,9.78,clear sky
657,Mikhaylovka,RU,50.06,43.2379,2.98,90,0,8.46,clear sky
658,Itoman,JP,26.1247,127.6694,64.4,77,20,4.61,few clouds
659,Prince Rupert,CA,54.3161,-130.3201,42.8,65,1,4.61,clear sky
660,Kahta,TR,37.7855,38.6237,48.2,71,40,4.61,scattered clouds
661,Ugoofaaru,MV,5.6667,73.0,82.96,71,96,6.89,overcast clouds
662,Mackay,AU,-21.15,149.2,79.0,88,75,5.75,broken clouds
663,Madras,IN,13.0878,80.2785,77.0,83,40,5.01,mist
664,Partyzany,UA,46.3314,34.7503,31.55,86,100,17.2,overcast clouds
665,Kongwa,TZ,-6.2,36.4167,62.74,90,41,2.46,scattered clouds
666,Kuldur,RU,49.2167,131.6333,18.36,95,58,4.76,broken clouds
667,Kudahuvadhoo,MV,2.6708,72.8944,82.31,69,84,1.88,broken clouds
668,Igarka,RU,67.4667,86.5833,-35.0,83,19,0.56,few clouds
669,Kalabo,ZM,-14.97,22.6814,67.24,84,70,1.5,broken clouds
670,Shebunino,RU,46.4339,141.8603,34.14,84,18,14.09,few clouds
671,Saint-Georges,GD,12.0564,-61.7485,80.6,69,75,17.27,broken clouds
672,Kazachinskoye,RU,57.6953,93.2761,22.87,96,100,7.29,overcast clouds
673,Zabaykalsk,RU,49.6333,117.3167,14.86,90,59,3.98,broken clouds
674,Umea,SE,63.8284,20.2597,23.0,80,90,14.97,light snow
675,Chimbote,PE,-9.0853,-78.5783,76.15,69,100,8.28,overcast clouds
676,Araguaina,BR,-7.1911,-48.2072,75.36,92,99,3.44,overcast clouds
677,Puerto El Triunfo,SV,13.2833,-88.55,95.0,34,20,6.91,few clouds
678,Bumba,CD,2.1833,22.4667,76.5,67,39,3.33,scattered clouds
679,Birao,CF,10.2849,22.7882,82.04,15,1,4.9,clear sky
680,Ratnagiri,IN,16.9833,73.3,74.73,59,0,3.42,clear sky
681,Nuevitas,CU,21.5453,-77.2644,71.6,83,40,14.97,scattered clouds
682,Palasa,IN,18.7667,84.4167,71.87,85,0,6.87,clear sky
683,Praia Da Vitoria,PT,38.7333,-27.0667,60.01,100,90,8.55,light intensity drizzle
684,Hamilton,US,39.1834,-84.5333,68.0,34,1,12.66,clear sky
685,Itambacuri,BR,-18.0311,-41.685,71.92,89,100,5.77,overcast clouds
686,Muroto,JP,33.2833,134.15,41.0,65,0,8.05,clear sky
687,Christchurch,NZ,-43.5333,172.6333,64.0,59,75,5.75,broken clouds
